Section,P50 FPD (mean last 5)
"34""",1124.7899856965191
"22""",959.459394563465
"16""",1271.6300018580598
"12-1/4""",662.3923256007796
"8-3/8""",863.401190538415
"6-1/8""",836.2769221123486
"24""",1496.7158114011665
"18-5/8""",1092.3967717123082
"13-3/8""",2072.6528024569425
"9-5/8""",2756.9478887542905
"7""",3530.4487143654987
